label,kind,qubits,requested,achieved,error
"<Z> patch 0 (cell 0,0, panel 0)",single,0,-0.0005674999999999986,1.4857762336266377e-16,0.0005675000000001471
"<Z> patch 1 (cell 4,0, panel 2)",single,1,-0.00034499999999995645,-8.313137130712885e-10,0.0003449991686862434
"<Z> patch 2 (cell 0,1, panel 0)",single,2,3.499999999997949e-05,2.039998345979215e-15,-3.499999999793949e-05
"<Z> patch 3 (cell 1,1, panel 0)",single,3,5.4999999999999494e-05,-1.6955721611322003e-13,-5.500000016955671e-05
"<Z> patch 4 (cell 2,1, panel 1)",single,4,0.0024775000000000075,1.1091832038695814e-06,-0.002476390816796138
"<Z> patch 5 (cell 3,1, panel 2)",single,5,-0.0003249999999999642,5.822357646020283e-09,0.00032500582235761024
"<Z> patch 6 (cell 4,1, panel 2)",single,6,7.499999999999174e-05,2.238289216731563e-12,-7.499999776170253e-05
"<Z> patch 7 (cell 0,2, panel 0)",single,7,-4.750000000000587e-05,2.4695865880775466e-15,4.750000000247546e-05
"<Z> patch 8 (cell 1,2, panel 0)",single,8,0.00019250000000003986,2.274752428561128e-05,-0.00016975247571442858
"<Z> patch 9 (cell 2,2, panel 1)",single,9,0.0023100000000000065,3.174345142688966e-06,-0.0023068256548573174
"<Z> patch 10 (cell 3,2, panel 2)",single,10,-7.499999999996398e-05,1.6733953669025077e-09,7.50016733953309e-05
"<Z> patch 11 (cell 4,2, panel 2)",single,11,-7.50000000000195e-05,1.6304016270540092e-16,7.500000000018253e-05
"<Z> patch 12 (cell 0,3, panel 0)",single,12,-0.00024999999999997247,-9.299114509458599e-13,0.000249999999070061
"<Z> patch 13 (cell 4,3, panel 2)",single,13,0.0005325000000000191,6.392851863347567e-14,-0.0005324999999360905
<Z> lamp L1,single,14,0.0,-1.0331124054241694e-11,-1.0331124054241694e-11
<Z> lamp L2,single,15,0.0,-9.119653341723456e-13,-9.119653341723456e-13
<Z> polarity panel 0,single,16,0.0195,1.0,0.9805
<Z> polarity panel 1,single,17,0.0097,1.0,0.9903
<Z> polarity panel 2,single,18,0.0119,1.0,0.9881
<ZZ> patch 0 - patch 2,patch-patch,0-2,0.9460775,5.740168751199046e-09,-0.9460774942598312
<ZZ> patch 1 - patch 6,patch-patch,1-6,0.94618,-1.8607205196885414e-21,-0.94618
<ZZ> patch 2 - patch 3,patch-patch,2-3,0.9739199999999999,-3.4589644041980917e-28,-0.9739199999999999
<ZZ> patch 2 - patch 7,patch-patch,2-7,0.9919775000000001,5.037952554930648e-30,-0.9919775000000001
<ZZ> patch 3 - patch 4,patch-patch,3-4,-0.02226249999999999,-2.7584026109209797e-09,0.02226249724159738
<ZZ> patch 3 - patch 8,patch-patch,3-8,0.9670875,8.09554744550584e-14,-0.967087499999919
<ZZ> patch 4 - patch 5,patch-patch,4-5,-0.021977499999999997,0.0052492299049849405,0.02722672990498494
<ZZ> patch 4 - patch 9,patch-patch,4-9,0.7377425,3.5209303155555912e-12,-0.737742499996479
<ZZ> patch 5 - patch 6,patch-patch,5-6,0.9741049999999999,1.3032120335041764e-20,-0.9741049999999999
<ZZ> patch 5 - patch 10,patch-patch,5-10,0.9671799999999999,9.743106309299733e-18,-0.9671799999999999
<ZZ> patch 6 - patch 11,patch-patch,6-11,0.9921099999999999,7.64957171081821e-08,-0.9921099235042828
<ZZ> patch 7 - patch 8,patch-patch,7-8,0.9742350000000001,5.617698088771394e-20,-0.9742350000000001
<ZZ> patch 7 - patch 12,patch-patch,7-12,0.9450675,-2.2964825836426222e-27,-0.9450675
<ZZ> patch 8 - patch 9,patch-patch,8-9,-0.022172499999999984,7.220849322422951e-11,0.022172500072208477
<ZZ> patch 9 - patch 10,patch-patch,9-10,-0.02167000000000001,5.3105047884236805e-15,0.02167000000000532
<ZZ> patch 10 - patch 11,patch-patch,10-11,0.973905,2.7283065289024894e-25,-0.973905
<ZZ> patch 11 - patch 13,patch-patch,11-13,0.9465175,1.0385730394007248e-29,-0.9465175
<ZZ> lamp L1 - patch 0,lamp-patch,0-14,0.9461474999999999,-1.5349738586440783e-27,-0.9461474999999999
<ZZ> lamp L1 - patch 1,lamp-patch,1-14,-0.94623,8.588405097731766e-21,0.94623
<ZZ> lamp L1 - patch 2,lamp-patch,2-14,0.9949349999999999,-2.1075475982759137e-26,-0.9949349999999999
<ZZ> lamp L1 - patch 3,lamp-patch,3-14,0.9748749999999999,2.5692238636097814e-14,-0.9748749999999743
<ZZ> lamp L1 - patch 4,lamp-patch,4-14,-0.00014250000000000373,-9.314172823930023e-06,0.00013318582717607372
<ZZ> lamp L1 - patch 5,lamp-patch,5-14,-0.9749800000000001,-4.889223452757152e-08,0.9749799511077656
<ZZ> lamp L1 - patch 6,lamp-patch,6-14,-0.995105,-2.312404356732525e-23,0.995105
<ZZ> lamp L1 - patch 7,lamp-patch,7-14,0.9950075,-2.551360540412061e-26,-0.9950075
<ZZ> lamp L1 - patch 8,lamp-patch,8-14,0.9750325,-2.350074953215256e-16,-0.9750325000000002
<ZZ> lamp L1 - patch 9,lamp-patch,9-14,-0.00026999999999999247,-4.237584542009009e-10,0.00026999957624153825
<ZZ> lamp L1 - patch 10,lamp-patch,10-14,-0.9747950000000001,-1.728805452142992e-20,0.9747950000000001
<ZZ> lamp L1 - patch 11,lamp-patch,11-14,-0.99495,-1.684388146733247e-27,0.99495
<ZZ> lamp L1 - patch 12,lamp-patch,12-14,0.944925,9.60703055918157e-24,-0.944925
<ZZ> lamp L1 - patch 13,lamp-patch,13-14,-0.9463975,-6.604534566063388e-25,0.9463975
<ZZ> lamp L2 - patch 0,lamp-patch,0-15,-0.004282499999999995,-1.3549761720663115e-28,0.004282499999999995
<ZZ> lamp L2 - patch 1,lamp-patch,1-15,-0.004420000000000035,7.581292881431111e-22,0.004420000000000035
<ZZ> lamp L2 - patch 2,lamp-patch,2-15,-0.0014749999999999763,-1.8604074337018435e-27,0.0014749999999999763
<ZZ> lamp L2 - patch 3,lamp-patch,3-15,-0.009979999999999989,1.5463030325402534e-25,0.009979999999999989
<ZZ> lamp L2 - patch 4,lamp-patch,4-15,0.33416250000000003,-1.0115366311752758e-18,-0.33416250000000003
<ZZ> lamp L2 - patch 5,lamp-patch,5-15,-0.010135000000000033,-5.3097883363238e-21,0.010135000000000033
<ZZ> lamp L2 - patch 6,lamp-patch,6-15,-0.0014300000000000146,-0.0004278788800117259,0.0010021211199882888
<ZZ> lamp L2 - patch 7,lamp-patch,7-15,-0.0013574999999999837,-0.002707982963320443,-0.001350482963320459
<ZZ> lamp L2 - patch 8,lamp-patch,8-15,-0.010162500000000019,-2.074495358672104e-17,0.010162499999999998
<ZZ> lamp L2 - patch 9,lamp-patch,9-15,0.333955,-2.894892728830705e-18,-0.333955
<ZZ> lamp L2 - patch 10,lamp-patch,10-15,-0.009715000000000001,-1.5260785649797005e-21,0.009715000000000001
<ZZ> lamp L2 - patch 11,lamp-patch,11-15,-0.001365000000000005,-0.00017877890375445912,0.001186221096245546
<ZZ> lamp L2 - patch 12,lamp-patch,12-15,-0.004294999999999993,8.48047007368776e-25,0.004294999999999993
<ZZ> lamp L2 - patch 13,lamp-patch,13-15,-0.004027499999999962,-5.830058221649006e-26,0.004027499999999962
<ZZ> polarity 0 - polarity 1,polarity-polarity,16-17,0.7196,1.0,0.2804
<ZZ> polarity 1 - polarity 2,polarity-polarity,17-18,0.717,1.0,0.28300000000000003
